{
    "loss": 20.73969268798828,
    "accuracy": 0.690077006816864
}