{
    "loss": 3.5651416778564453,
    "accuracy": 0.736293613910675
}